movie,movie_id
home,tt2224026
brothers,tt3802576
the gift,tt4178092
the promise,tt4776998
silence,tt0490215
the wall,tt4218696
robin hood,tt0955308
robin hood,tt4532826
the square,tt2486682
redemption,tt1893256
joy,tt2446980
inside out,tt2096673
the circle,tt4287320
unstoppable,tt0477080
cinderella,tt1661199
sisters,tt1850457
unfinished business,tt2358925
mama,tt2023587
paranoia,tt1413495
the family,tt2404311
on the road,tt0337692
red,tt1245526
the house,tt4481514
3,tt1517177
upside down,tt1374992
truth or dare,tt6772950
promised land,tt2091473
one day,tt1563738
split,tt4972582
tag,tt2854926
trash,tt1921149
wanderlust,tt1655460
lights out,tt4786282
glass,tt6823368
underdogs,tt2123342
alpha,tt4244998
rush,tt1979320
inferno,tt3062096
abduction,tt1600195
circle,tt1129412
monsters,tt1470827
neighbors,tt2004420
the awakening,tt1687901
the gambler,tt2039393
blood ties,tt1747958
youth,tt3312830
life,tt5442430
wild,tt2305051
let there be light,tt5804314
trust,tt1529572
annie,tt1823664
believe,tt4700756
the master,tt1560747
addicted,tt2205401
unforgettable,tt3462710
the forest,tt3387542
frontera,tt2510028
jackie,tt1619029
remember me,tt1403981
genius,tt1703957
captive,tt3268668
joe,tt2382396
life of the party,tt5619332
weekend,tt1714210
unknown,tt1401152
snatched,tt2334871
phantom,tt1922685
restless,tt1498569
the visit,tt3567288
the tempest,tt1274300
the call,tt1911644
coriolanus,tt1372686
into the woods,tt2180411
adrift,tt6306064
nerve,tt3531824
drive,tt0780504
the interview,tt2788710
kidnap,tt1458169
legend,tt3569230
test,tt2407380
wonder woman,tt0451279
the little prince,tt1754656
les misérables,tt1707386
race,tt3499096
the foreigner,tt1615160
noah,tt1959490
stolen,tt1656186
melancholia,tt1527186
friend request,tt3352390
brotherly love,tt3262990
another year,tt1431181
alice in wonderland,tt1014759
conviction,tt1244754
buried,tt1462758
widows,tt4218572
transcendence,tt2209764
lion,tt3741834
beauty and the beast,tt2771200
oblivion,tt1483013
super,tt1512235
us,tt6857112
gifted,tt4481414
the mule,tt7959026
like crazy,tt1758692
going the distance,tt1322312
safe house,tt1599348
max,tt3369806
the girl on the train,tt3631112
the divide,tt1535616
columbus,tt5990474
ma,tt7958736
concussion,tt3322364
loving,tt4669986
indivisible,tt6512428
shanghai,tt1092634
limitless,tt1219289
coco,tt2380307
stone,tt1423995
heist,tt3276924
"as above, so below",tt2870612
stronger,tt3881784
emily,tt4393036
the book of life,tt2262227
creature,tt1686018
rio,tt1436562
the night before,tt3530002
the artist,tt1655442
anonymous,tt1521197
creed,tt3076658
the perfect match,tt4871980
left behind,tt2467046
frozen,tt2294629
trance,tt1924429
the drop,tt1600196
lucy,tt2872732
no strings attached,tt1411238
the immigrant,tt1951181
moonlight,tt4975722
game night,tt2704998
warrior,tt1291584
total recall,tt1386703
big eyes,tt1126590
when the bough breaks,tt1389139
long shot,tt2139881
churchill,tt2674454
sultan,tt4832640
the founder,tt4276820
hugo,tt0970179
little boy,tt1810683
now you see me,tt1670345
the judge,tt1872194
focus,tt2381941
project x,tt1636826
first man,tt1213641
the runaways,tt1017451
the jungle book,tt3040964
burn,tt1781784
war horse,tt1568911
denial,tt4645330
the intern,tt2361509
burnt,tt2503944
the apparition,tt1433822
the darkness,tt1878841
venom,tt1270797
skin trade,tt1641841
son of god,tt3210686
the revenant,tt1663202
the joneses,tt1152830
mandy,tt6998518
my name is khan,tt1188996
spotlight,tt1895587
aladdin,tt6139732
the last station,remove
lincoln,tt0443272
the first time,tt1763303
wuthering heights,tt1181614
logan,tt3315342
knock knock,tt3605418
a star is born,tt1517451
won't back down,tt1870529
the campaign,tt1790886
the gunman,tt2515034
criminal,tt3014866
the invitation,tt2400463
safe haven,tt1702439
the debt,tt1226753
daddy's home,tt1528854
into the storm,tt2106361
the town,tt0840361
the perfect host,tt1334553
serenity,tt6476140
the looking glass,tt2912776
life as we know it,tt1055292
tooth fairy,tt0808510
a quiet place,tt6644200
let me in,tt1228987
bernie,tt1704573
the other side of the door,tt3702652
that's my boy,tt1232200
the intruder,tt6722030
midnight in paris,tt1605783
begin again,tt1980929
get hard,tt2561572
kill the irishman,tt1416801
leap year,tt1216492
cyrus,tt1336617
happy christmas,tt2955096
a better life,tt1554091
people like us,tt1716777
kin,tt6017942
hercules,tt1267297
beautiful boy,tt1226837
chloe,remove
brooklyn,tt2381111
barbecue,tt3202120
the word,tt2338341
shame,tt1723811
the sitter,tt1366344
home again,tt5719700
the overnight,tt3844362
night school,tt6781982
collide,tt2126235
animal kingdom,tt1313092
brave,tt1217209
the three musketeers,tt1509767
the walk,tt3488710
trespass,tt1674784
mother's day,tt4824302
sinister,tt1922777
morgan,tt4520364
by the sea,tt3707106
dangal,tt5074352
never let me go,tt1334260
the descendants,tt1033575
homefront,tt2312718
killers,tt1103153
vamps,tt1545106
father figures,tt1966359
do you believe?,tt4056738
mommy,tt3612616
the conspirator,tt0968264
upgrade,tt6499752
flipped,tt0817177
50/50,tt1306980
maggie,tt1881002
the losers,tt0480255
the darkest hour,tt1093357
housefull,tt1573072
the great wall,tt2034800
the boy,tt3882082
safe,tt1656190
mud,tt1935179
ride along,tt1408253
above and beyond,tt2704752
tomorrowland,tt1964418
the comedian,tt1967614
getaway,tt2167202
the thing,tt0905372
the bounty hunter,tt1038919
the eagle,tt1034389
rabbit hole,tt0935075
the tree of life,tt0478304
thank you for your service,tt2776878
paul,tt1092026
the three stooges,tt0383010
book club,tt6857166
mary queen of scots,tt2328900
unbroken,tt1809398
lawless,tt1212450
dream house,tt1462041
miss bala,tt5941692
pixels,tt2120120
spy,tt3079380
black or white,tt2883434
the host,tt1517260
devil,tt1314655
chips,tt0493405
no escape,tt1781922
fences,tt2671706
vice,tt6266538
the witch,tt4263482
new year's eve,tt1598822
arrival,tt2543164
carnage,tt1692486
risen,tt3231054
anna karenina,tt1781769
home run,tt2051894
slender man,tt5690360
before we go,tt0443465
burlesque,tt1126591
flight,tt1907668
elysium,tt1535108
don't breathe,tt4160708
the last stand,tt1549920
